{
  "courses": [
    {
      "id": "ECON-205-1",
      "code": "ECON",
      "number": "205",
      "section": "1",
      "name": "Principles of Macroeconomics",
      "days": "MW",
      "startTime": "9:50 AM",
      "endTime": "11:15 AM",
      "instructor": "Mann",
      "room": "RO 101",
      "slotId": "MW-B"
    },
    {
      "id": "ECON-205-2",
      "code": "ECON",
      "number": "205",
      "section": "2",
      "name": "Principles of Macroeconomics",
      "days": "MW",
      "startTime": "2:40 PM",
      "endTime": "4:05 PM",
      "instructor": "Kim",
      "room": "RO 101",
      "slotId": "MW-E"
    },
    {
      "id": "ECON-205-3",
      "code": "ECON",
      "number": "205",
      "section": "3",
      "name": "Principles of Macroeconomics",
      "days": "TR",
      "startTime": "9:50 AM",
      "endTime": "11:15 AM",
      "instructor": "Kim",
      "room": "RO 101",
      "slotId": "TR-H"
    },
    {
      "id": "ECON-206-1",
      "code": "ECON",
      "number": "206",
      "section": "1",
      "name": "Principles of Microeconomics",
      "days": "TR",
      "startTime": "9:50 AM",
      "endTime": "11:15 AM",
      "instructor": "Joshi",
      "room": "RO 212",
      "slotId": "TR-H"
    },
    {
      "id": "ECON-306-1",
      "code": "ECON",
      "number": "306",
      "section": "1",
      "name": "Microeconomic Analysis",
      "days": "MW",
      "startTime": "2:40 PM",
      "endTime": "4:05 PM",
      "instructor": "Reinarts",
      "room": "RO 212",
      "slotId": "MW-E"
    },
    {
      "id": "ECMG-300-1",
      "code": "ECMG",
      "number": "300",
      "section": "1",
      "name": "Financial Economics",
      "days": "MW",
      "startTime": "11:30 AM",
      "endTime": "12:55 PM",
      "instructor": "Kim",
      "room": "RO 101",
      "slotId": "MW-C"
    },
    {
      "id": "ECON-309-1",
      "code": "ECON",
      "number": "309",
      "section": "1",
      "name": "Monetary Policy & Financial Markets",
      "days": "TR",
      "startTime": "2:00 PM",
      "endTime": "3:25 PM",
      "instructor": "Kim",
      "room": "RO 101",
      "slotId": "TR-J"
    },
    {
      "id": "ECON-452-1",
      "code": "ECON",
      "number": "452",
      "section": "1",
      "name": "History of Economic Thought",
      "days": "TR",
      "startTime": "11:25 AM",
      "endTime": "12:50 PM",
      "instructor": "Reinarts",
      "room": "RO 120",
      "slotId": "TR-I"
    },
    {
      "id": "ECON-480-1",
      "code": "ECON",
      "number": "480",
      "section": "1",
      "name": "Econometrics",
      "days": "MW",
      "startTime": "9:50 AM",
      "endTime": "11:15 AM",
      "instructor": "Reinarts",
      "room": "RO 119",
      "slotId": "MW-B"
    },
    {
      "id": "ECON-551-1",
      "code": "ECON",
      "number": "551",
      "section": "1",
      "name": "Foundations of Economics",
      "days": "T",
      "startTime": "6:15 PM",
      "endTime": "9:00 PM",
      "instructor": "",
      "room": "",
      "slotId": "T-EVE"
    },
    {
      "id": "ECON-560-1",
      "code": "ECON",
      "number": "560",
      "section": "1",
      "name": "Managerial Economics",
      "days": "TR-EVE",
      "startTime": "6:15 PM",
      "endTime": "9:00 PM",
      "instructor": "Joshi",
      "room": "",
      "slotId": "TR-EVE"
    },
    {
      "id": "ECON-316-1",
      "code": "ECON",
      "number": "316",
      "section": "1",
      "name": "Game Theory",
      "days": "MW",
      "startTime": "2:40 PM",
      "endTime": "4:05 PM",
      "instructor": "Reinarts",
      "room": "",
      "slotId": null
    },
    {
      "id": "ECON-460-1",
      "code": "ECON",
      "number": "460",
      "section": "1",
      "name": "International Trade",
      "days": "TR",
      "startTime": "11:25 AM",
      "endTime": "12:50 PM",
      "instructor": "Kim",
      "room": "",
      "slotId": null
    },
    {
      "id": "ECON-310-1",
      "code": "ECON",
      "number": "310",
      "section": "1",
      "name": "Environmental Economics",
      "days": "TR",
      "startTime": "3:35 PM",
      "endTime": "5:00 PM",
      "instructor": "Joshi",
      "room": "",
      "slotId": null
    },
    {
      "id": "ECMG-303-1",
      "code": "ECMG",
      "number": "303",
      "section": "1",
      "name": "Principles of Finance & Investment",
      "days": "TR",
      "startTime": "11:25 AM",
      "endTime": "12:50 PM",
      "instructor": "Li",
      "room": "",
      "slotId": "TR-I"
    },
    {
      "id": "MGMT-399-1",
      "code": "MGMT",
      "number": "399",
      "section": "1",
      "name": "Internship in Management",
      "days": "MW",
      "startTime": "8:15 AM",
      "endTime": "9:40 AM",
      "instructor": "Faculty",
      "room": "",
      "slotId": "MW-A"
    },
    {
      "id": "MGMT-284-1",
      "code": "MGMT",
      "number": "284",
      "section": "1",
      "name": "Principles of Managerial Accounting",
      "days": "MW",
      "startTime": "9:50 AM",
      "endTime": "11:15 AM",
      "instructor": "Dodd",
      "room": "RO 123",
      "slotId": "MW-B"
    },
    {
      "id": "MGMT-312-1",
      "code": "MGMT",
      "number": "312",
      "section": "1",
      "name": "Analytical Methods of Management",
      "days": "MW",
      "startTime": "9:50 AM",
      "endTime": "11:15 AM",
      "instructor": "Leggieri",
      "room": "",
      "slotId": "MW-B"
    },
    {
      "id": "MGMT-476-1",
      "code": "MGMT",
      "number": "476",
      "section": "1",
      "name": "Strategic Management",
      "days": "MW",
      "startTime": "9:50 AM",
      "endTime": "11:15 AM",
      "instructor": "Li",
      "room": "",
      "slotId": null
    },
    {
      "id": "MGMT-281-1",
      "code": "MGMT",
      "number": "281",
      "section": "1",
      "name": "Principles of Financial Accounting",
      "days": "MW",
      "startTime": "11:30 AM",
      "endTime": "12:55 PM",
      "instructor": "Pollak",
      "room": "",
      "slotId": "MW-C"
    },
    {
      "id": "ITMG-388-1",
      "code": "ITMG",
      "number": "388",
      "section": "1",
      "name": "Management Information Systems",
      "days": "MW",
      "startTime": "11:30 AM",
      "endTime": "12:55 PM",
      "instructor": "Radwan",
      "room": "",
      "slotId": "MW-C"
    },
    {
      "id": "MGMT-402-1",
      "code": "MGMT",
      "number": "402",
      "section": "1",
      "name": "Business Finance",
      "days": "MW",
      "startTime": "1:05 PM",
      "endTime": "2:30 PM",
      "instructor": "Li",
      "room": "RO 123",
      "slotId": "MW-C"
    },
    {
      "id": "MGMT-205-1",
      "code": "MGMT",
      "number": "205",
      "section": "1",
      "name": "Prin of Mgmt & Intro to Organizations",
      "days": "MW",
      "startTime": "1:05 PM",
      "endTime": "2:30 PM",
      "instructor": "Jose",
      "room": "",
      "slotId": "MW-D"
    },
    {
      "id": "MGMT-281-2",
      "code": "MGMT",
      "number": "281",
      "section": "2",
      "name": "Principles of Financial Accounting",
      "days": "MW",
      "startTime": "11:30 AM",
      "endTime": "12:55 PM",
      "instructor": "Dodd",
      "room": "",
      "slotId": "MW-D"
    },
    {
      "id": "MGMT-306-1",
      "code": "MGMT",
      "number": "306",
      "section": "1",
      "name": "Principles of Marketing",
      "days": "MW",
      "startTime": "2:40 PM",
      "endTime": "4:05 PM",
      "instructor": "Dupont",
      "room": "",
      "slotId": "MW-E"
    },
    {
      "id": "MGMT-370-1",
      "code": "MGMT",
      "number": "370",
      "section": "1",
      "name": "Investment Practicum",
      "days": "TR",
      "startTime": "9:50 AM",
      "endTime": "11:15 AM",
      "instructor": "Mayer & Donofry",
      "room": "",
      "slotId": "TR-H"
    },
    {
      "id": "MGMT-432-1",
      "code": "MGMT",
      "number": "432",
      "section": "1",
      "name": "Advanced Accounting",
      "days": "TR",
      "startTime": "11:25 AM",
      "endTime": "12:50 PM",
      "instructor": "Stanker",
      "room": "",
      "slotId": "TR-J"
    },
    {
      "id": "MGMT-205-2",
      "code": "MGMT",
      "number": "205",
      "section": "2",
      "name": "Prin of Mgmt & Intro to Organizations",
      "days": "TR",
      "startTime": "3:35 PM",
      "endTime": "5:00 PM",
      "instructor": "Witmer",
      "room": "",
      "slotId": "TR-K"
    },
    {
      "id": "MGMT-301-1",
      "code": "MGMT",
      "number": "301",
      "section": "1",
      "name": "Organizational Theory and Behavior",
      "days": "TR",
      "startTime": "2:00 PM",
      "endTime": "3:25 PM",
      "instructor": "Al Dajane",
      "room": "",
      "slotId": "TR-J"
    },
    {
      "id": "MGMT-321-1",
      "code": "MGMT",
      "number": "321",
      "section": "1",
      "name": "Intermediate Accounting I",
      "days": "TR",
      "startTime": "2:00 PM",
      "endTime": "3:25 PM",
      "instructor": "Stanker",
      "room": "",
      "slotId": "TR-H"
    },
    {
      "id": "MGMT-314-1",
      "code": "MGMT",
      "number": "314",
      "section": "1",
      "name": "International Business",
      "days": "TR",
      "startTime": "3:35 PM",
      "endTime": "5:00 PM",
      "instructor": "Witmer",
      "room": "",
      "slotId": "MW-D"
    },
    {
      "id": "MGMT-301-2",
      "code": "MGMT",
      "number": "301",
      "section": "2",
      "name": "Organizational Theory and Behavior",
      "days": "M-EVE",
      "startTime": "6:15 PM",
      "endTime": "9:00 PM",
      "instructor": "Faculty",
      "room": "",
      "slotId": null
    },
    {
      "id": "MGMT-411-1",
      "code": "MGMT",
      "number": "411",
      "section": "1",
      "name": "Seminar in Strategic Management",
      "days": "TR",
      "startTime": "9:50 AM",
      "endTime": "11:15 AM",
      "instructor": "Jose",
      "room": "ONLINE SYNCHR",
      "slotId": "TR-H"
    },
    {
      "id": "MGMT-570-1",
      "code": "MGMT",
      "number": "570",
      "section": "1",
      "name": "Marketing Analysis for Managers",
      "days": "M-EVE",
      "startTime": "6:15 PM",
      "endTime": "9:00 PM",
      "instructor": "Van Winter",
      "room": "",
      "slotId": "T-EVE"
    },
    {
      "id": "MGMT-580-1",
      "code": "MGMT",
      "number": "580",
      "section": "1",
      "name": "Strategic Cost Management",
      "days": "M-EVE",
      "startTime": "6:15 PM",
      "endTime": "9:00 PM",
      "instructor": "",
      "room": "",
      "slotId": "T-EVE"
    },
    {
      "id": "MGMT-315-1",
      "code": "MGMT",
      "number": "315",
      "section": "1",
      "name": "Managing Nonprofit Organizations",
      "days": "M-EVE",
      "startTime": "6:15 PM",
      "endTime": "9:00 PM",
      "instructor": "El-Zeftawy",
      "room": "",
      "slotId": "M-EVE"
    },
    {
      "id": "MGMT-562-1",
      "code": "MGMT",
      "number": "562",
      "section": "1",
      "name": "Financial & Managerial Accounting",
      "days": "T-EVE",
      "startTime": "6:15 PM",
      "endTime": "9:00 PM",
      "instructor": "",
      "room": "",
      "slotId": "T-EVE"
    },
    {
      "id": "MGMT-454-1",
      "code": "MGMT",
      "number": "454",
      "section": "1",
      "name": "Legal Environment of Business",
      "days": "W",
      "startTime": "6:15 PM",
      "endTime": "9:00 PM",
      "instructor": "Hartlaub",
      "room": "",
      "slotId": "W-EVE"
    },
    {
      "id": "MGMT-406-1",
      "code": "MGMT",
      "number": "406",
      "section": "1",
      "name": "Consumer Behavior and Analysis",
      "days": "MW",
      "startTime": "11:30 AM",
      "endTime": "12:55 PM",
      "instructor": "Dupont",
      "room": "",
      "slotId": "MW-C"
    },
    {
      "id": "MGMT-552-1",
      "code": "MGMT",
      "number": "552",
      "section": "1",
      "name": "Quantitative Methods for Managers",
      "days": "T-EVE",
      "startTime": "6:15 PM",
      "endTime": "9:00 PM",
      "instructor": "",
      "room": "",
      "slotId": null
    },
    {
      "id": "MGMT-566-1",
      "code": "MGMT",
      "number": "566",
      "section": "1",
      "name": "Information Management & Technology",
      "days": "W-EVE",
      "startTime": "6:15 PM",
      "endTime": "9:00 PM",
      "instructor": "Gurzick",
      "room": "ONLINE SYNCHR",
      "slotId": "W-EVE"
    },
    {
      "id": "MGMT-576-1",
      "code": "MGMT",
      "number": "576",
      "section": "1",
      "name": "Business Analytics",
      "days": "W-EVE",
      "startTime": "6:15 PM",
      "endTime": "9:00 PM",
      "instructor": "",
      "room": "",
      "slotId": "W-EVE"
    },
    {
      "id": "MGMT-564-1",
      "code": "MGMT",
      "number": "564",
      "section": "1",
      "name": "Production & Operations Management",
      "days": "W-EVE",
      "startTime": "6:15 PM",
      "endTime": "9:00 PM",
      "instructor": "",
      "room": "",
      "slotId": "TR-EVE"
    },
    {
      "id": "MGMT-582-1",
      "code": "MGMT",
      "number": "582",
      "section": "1",
      "name": "Negotiation & Conflict Resolution",
      "days": "TR-EVE",
      "startTime": "6:15 PM",
      "endTime": "9:00 PM",
      "instructor": "",
      "room": "",
      "slotId": "TR-EVE"
    },
    {
      "id": "MGMT-423-1",
      "code": "MGMT",
      "number": "423",
      "section": "1",
      "name": "Marketing Research Methods",
      "days": "TR",
      "startTime": "2:00 PM",
      "endTime": "3:25 PM",
      "instructor": "Dupont",
      "room": "",
      "slotId": "TR-H"
    },
    {
      "id": "LEAD-628-1",
      "code": "LEAD",
      "number": "628",
      "section": "1",
      "name": "Leadership Development",
      "days": "SAT",
      "startTime": "9:00 AM",
      "endTime": "12:00 PM",
      "instructor": "Gurzick",
      "room": "",
      "slotId": "SAT"
    },
    {
      "id": "MGMT-574-1",
      "code": "MGMT",
      "number": "574",
      "section": "1",
      "name": "Managing AI Workforce",
      "days": "TBD",
      "startTime": "",
      "endTime": "",
      "instructor": "Gurzick",
      "room": "",
      "slotId": "ASYNCH"
    },
    {
      "id": "MGMT-590-1",
      "code": "MGMT",
      "number": "590",
      "section": "1",
      "name": "Strategy & Competitive Advantage",
      "days": "",
      "startTime": "",
      "endTime": "",
      "instructor": "Jose",
      "room": "ONLINE SYNCHR",
      "slotId": "M-EVE"
    },
    {
      "id": "MGMT-561-1",
      "code": "MGMT",
      "number": "561",
      "section": "1",
      "name": "Financial Management",
      "days": "",
      "startTime": "",
      "endTime": "",
      "instructor": "Li",
      "room": "ONLINE SYNCHR",
      "slotId": "M-EVE"
    },
    {
      "id": "MGMT-331-1",
      "code": "MGMT",
      "number": "331",
      "section": "1",
      "name": "Auditing",
      "days": "",
      "startTime": "",
      "endTime": "",
      "instructor": "Stanker",
      "room": "",
      "slotId": "MW-D"
    },
    {
      "id": "MGMT-551-1",
      "code": "MGMT",
      "number": "551",
      "section": "1",
      "name": "Management Theory",
      "days": "",
      "startTime": "",
      "endTime": "",
      "instructor": "Van Winter",
      "room": "ONLINE SYNCHR",
      "slotId": "M-EVE"
    },
    {
      "id": "MGMT-560-1",
      "code": "MGMT",
      "number": "560",
      "section": "1",
      "name": "Leadership & Organizational Behavior",
      "days": "",
      "startTime": "",
      "endTime": "",
      "instructor": "Johnson",
      "room": "ONLINE SYNCHR",
      "slotId": "M-EVE"
    }
  ],
  "instructors": [
    "Mann",
    "Kim",
    "Joshi",
    "Reinarts",
    "Li",
    "Qiao",
    "Radwan",
    "Pollak",
    "Jose",
    "Mayer & Donofry",
    "Stanker",
    "Al Dajane",
    "Van Winter",
    "El-Zeftawy",
    "Hartlaub",
    "Gurzick",
    "Faculty"
  ],
  "faculty": [
    "Abijah",
    "Al-Dajane",
    "Cubbage",
    "Devan",
    "Dodd",
    "Duncan",
    "Dupont",
    "El-Zeftawy",
    "Goldenbach",
    "Golemac",
    "Gurzick",
    "Hartlaub",
    "Johnson",
    "Jose",
    "Joshi",
    "Kim",
    "Kozak",
    "Leggieri",
    "Li",
    "Mann",
    "Padmanabhan",
    "Plitt",
    "Pollak",
    "Qiao",
    "Racheff",
    "Radwan",
    "Reinarts",
    "Safner",
    "Schuler",
    "Spaans",
    "Stanker",
    "Stottlemyer",
    "Valenzuela",
    "Vivari",
    "Witmer",
    "Zhang"
  ],
  "timeSlots": {
    "MW": [
      {
        "id": "MW-A",
        "label": "A",
        "time": "8:15-9:40",
        "startTime": "8:15 AM",
        "endTime": "9:40 AM"
      },
      {
        "id": "MW-B",
        "label": "B",
        "time": "9:50-11:15",
        "startTime": "9:50 AM",
        "endTime": "11:15 AM"
      },
      {
        "id": "MW-C",
        "label": "C",
        "time": "11:30-12:55",
        "startTime": "11:30 AM",
        "endTime": "12:55 PM"
      },
      {
        "id": "MW-D",
        "label": "D",
        "time": "1:05-2:30",
        "startTime": "1:05 PM",
        "endTime": "2:30 PM"
      },
      {
        "id": "MW-E",
        "label": "E",
        "time": "2:40-4:05",
        "startTime": "2:40 PM",
        "endTime": "4:05 PM"
      }
    ],
    "TR": [
      {
        "id": "TR-G",
        "label": "G",
        "time": "8:15-9:40",
        "startTime": "8:15 AM",
        "endTime": "9:40 AM"
      },
      {
        "id": "TR-H",
        "label": "H",
        "time": "9:50-11:15",
        "startTime": "9:50 AM",
        "endTime": "11:15 AM"
      },
      {
        "id": "TR-I",
        "label": "I",
        "time": "11:25-12:50",
        "startTime": "11:25 AM",
        "endTime": "12:50 PM"
      },
      {
        "id": "TR-J",
        "label": "J",
        "time": "2:00-3:25",
        "startTime": "2:00 PM",
        "endTime": "3:25 PM"
      },
      {
        "id": "TR-K",
        "label": "K",
        "time": "3:35-5:00",
        "startTime": "3:35 PM",
        "endTime": "5:00 PM"
      }
    ],
    "EVE": [
      {
        "id": "M-EVE",
        "label": "L",
        "time": "M 6:15-9",
        "day": "M",
        "startTime": "6:15 PM",
        "endTime": "9:00 PM"
      },
      {
        "id": "T-EVE",
        "label": "M",
        "time": "T 6:15-9",
        "day": "T",
        "startTime": "6:15 PM",
        "endTime": "9:00 PM"
      },
      {
        "id": "W-EVE",
        "label": "N",
        "time": "W 6:15-9",
        "day": "W",
        "startTime": "6:15 PM",
        "endTime": "9:00 PM"
      },
      {
        "id": "TR-EVE",
        "label": "O",
        "time": "TR 6:15-9",
        "day": "TR",
        "startTime": "6:15 PM",
        "endTime": "9:00 PM"
      }
    ],
    "SAT": [
      {
        "id": "SAT",
        "label": "SAT",
        "time": "Saturday",
        "startTime": "9:00 AM",
        "endTime": "12:00 PM"
      }
    ],
    "ASYNCH": [
      {
        "id": "ASYNCH",
        "label": "ASYNCH",
        "time": "Online Asynchronous"
      }
    ]
  },
  "term": "fall-2026"
}